epoch,steps,cosine-Accuracy@1,cosine-Accuracy@3,cosine-Accuracy@5,cosine-Accuracy@10,cosine-Precision@1,cosine-Recall@1,cosine-Precision@5,cosine-Recall@5,cosine-Precision@10,cosine-Recall@10,cosine-MRR@1,cosine-MRR@5,cosine-MRR@10,cosine-NDCG@1,cosine-NDCG@5,cosine-NDCG@10,cosine-MAP@100
1.0,73,0.39960629921259844,0.547244094488189,0.6200787401574803,0.7539370078740157,0.39960629921259844,0.39960629921259844,0.12401574803149606,0.6200787401574803,0.07539370078740157,0.7539370078740157,0.39960629921259844,0.48093832020997374,0.4986845394325707,0.39960629921259844,0.5156140084703473,0.558777744670345,0.510557365193139
